person,sentence_count,video_count,first_time,last_time
Ray Dalio,8541,33,2016-04-01,2026-05-01
Peter Zeihan,8196,16,2024-02-01,2026-04-01
David Brooks,5621,16,2025-08-01,2026-06-01
Cathie Wood,5304,17,2019-02-01,2026-05-01
Kenneth Rogoff,5119,17,2024-01-01,2026-04-01
Douglas Murray,4753,20,2023-11-01,2026-04-01
Charles Murray,4682,16,2021-06-01,2026-05-01
Charlie Munger,4596,16,2023-08-01,2026-05-01
Branko Milanovic,4393,17,2022-05-01,2026-05-01
Daron Acemoglu,4085,19,2025-05-01,2026-06-01
Gavin Newsom,3922,18,2025-12-01,2026-06-01
Eliot Cohen,3894,19,2024-05-01,2026-06-01
Ben Bernanke,3695,20,2018-07-01,2025-03-01
Glenn Greenwald,3492,20,2026-02-01,2026-06-01
David Rosenberg,3489,19,2026-01-01,2026-06-01
Anne Applebaum,3452,18,2026-01-01,2026-06-01
Emma Ashford,3448,16,2024-02-01,2026-05-01
Bernie Sanders,3323,17,2024-10-01,2026-06-01
Fiona Hill,3292,16,2025-09-01,2026-05-01
Ben Shapiro,3080,16,2026-02-01,2026-06-01
Adam Tooze,3024,16,2026-01-01,2026-06-01
Carmen Reinhart,2991,16,2021-11-01,2026-06-01
Ezra Klein,2889,10,2025-05-01,2026-05-01
Tucker Carlson,2862,5,2025-09-01,2026-05-01
Bill Ackman,2855,16,2025-05-01,2026-06-01
Dan Crenshaw,2814,20,2021-02-01,2026-04-01
Andrew Sullivan,2782,12,2021-07-01,2026-04-01
David Solomon,2755,18,2024-08-01,2026-05-01
Antony Blinken,2678,17,2024-05-01,2026-05-01
Boris Johnson,2657,17,2024-04-01,2026-03-01
David Einhorn,2630,18,2017-12-01,2026-05-01
Fareed Zakaria,2592,19,2026-01-01,2026-06-01
Graham Allison,2585,17,2020-04-01,2026-05-01
Bret Stephens,2558,17,2025-12-01,2026-06-01
Bill Gross,2362,13,2022-04-01,2026-01-01
David Cameron,2178,16,2019-09-01,2026-05-01
Eric Weinstein,2139,13,2020-04-01,2026-03-01
Barry Eichengreen,2061,17,2024-05-01,2026-05-01
Condoleezza Rice,2013,16,2024-10-01,2026-06-01
Ian Bremmer,1844,7,2026-03-01,2026-06-01
Elon Musk,1752,15,2025-06-01,2026-06-01
Henry Kissinger,1699,11,2023-11-01,2026-03-01
Sam Harris,1645,5,2026-03-01,2026-06-01
John Mearsheimer,1611,7,2026-03-01,2026-06-01
Mariana Mazzucato,1593,6,2023-03-01,2026-06-01
Christine Lagarde,1475,17,2025-05-01,2026-06-01
Warren Buffett,1471,6,2025-05-01,2026-05-01
Stephanie Kelton,1309,5,2021-10-01,2025-04-01
David Tepper,1303,12,2021-03-01,2026-05-01
Noam Chomsky,1296,4,2021-08-01,2024-09-01
Michael McFaul,1254,5,2025-11-01,2026-06-01
Jeff Gundlach,1227,6,2025-11-01,2026-05-01
Jordan Peterson,1224,6,2025-04-01,2026-06-01
Emmanuel Macron,1201,17,2025-08-01,2026-06-01
Howard Marks,1200,7,2025-08-01,2026-06-01
Bari Weiss,1196,15,2025-12-01,2026-06-01
Donald Trump,1193,14,2026-06-01,2026-06-01
Elizabeth Warren,1171,18,2026-01-01,2026-06-01
Mario Draghi,1136,7,2024-09-01,2026-05-01
Samantha Power,1103,6,2021-03-01,2026-04-01
Thomas Friedman,927,5,2026-01-01,2026-05-01
Paul Krugman,917,5,2026-01-01,2026-05-01
Michael Pettis,878,6,2022-06-01,2026-03-01
James Mattis,872,2,2022-06-01,2023-11-01
Mohamed El-Erian,810,5,2024-02-01,2026-05-01
Alan Greenspan,750,11,2016-05-01,2023-05-01
Neel Kashkari,744,6,2024-05-01,2026-06-01
Josh Hawley,740,2,2025-01-01,2026-04-01
Jim Bullard,732,7,2025-03-01,2026-04-01
Nancy Pelosi,715,4,2024-08-01,2025-11-01
Richard Haass,561,6,2026-01-01,2026-04-01
Janet Yellen,555,7,2021-10-01,2026-04-01
Paul Tudor Jones,548,4,2020-01-01,2026-05-01
John Williams,546,4,2023-03-01,2026-06-01
George Soros,537,14,2022-01-01,2026-06-01
Stephen Roach,537,3,2024-07-01,2025-02-01
John Bolton,490,4,2026-05-01,2026-06-01
Jerome Powell,470,5,2026-01-01,2026-05-01
Marco Rubio,455,4,2026-05-01,2026-05-01
Niall Ferguson,412,2,2025-10-01,2026-04-01
Mark Esper,384,2,2022-05-01,2026-03-01
Stanley Druckenmiller,366,2,2024-10-01,2026-02-01
Nouriel Roubini,283,3,2026-01-01,2026-02-01
Jeremy Grantham,225,1,2026-06-01,2026-06-01
Jeffrey Sachs,204,3,2026-05-01,2026-06-01
Mitt Romney,193,1,2026-05-01,2026-05-01
JD Vance,192,3,2026-06-01,2026-06-01
Michael Burry,184,1,2026-01-01,2026-01-01
Lloyd Blankfein,167,1,2026-03-01,2026-03-01
Nikki Haley,161,3,2023-12-01,2024-02-01
Larry Fink,147,3,2025-01-01,2026-01-01
Robert Kagan,97,1,2026-01-01,2026-01-01
Mike Pompeo,95,2,2026-03-01,2026-04-01
Joseph Stiglitz,84,3,2025-04-01,2026-02-01
Newt Gingrich,75,2,2026-01-01,2026-02-01
Narendra Modi,53,1,2026-06-01,2026-06-01
Lawrence Summers,49,1,2023-03-01,2023-03-01
Marc Andreessen,17,1,2024-09-01,2024-09-01
Joe Biden,7,1,2024-07-01,2024-07-01
Hillary Clinton,6,2,2026-02-01,2026-02-01
