id,private_reference,rank,sigma_max,sigma_middle,sigma_min,threshold,metric_0_0,metric_0_1,metric_0_2,metric_1_0,metric_1_1,metric_1_2,metric_2_0,metric_2_1,metric_2_2
20000419_apw_eng-NEW_95_111,train_mean,3,0.41792317736964113,0.38635500506048426,0.3623334994782125,4.1792317736964115e-05,0.15518907915457447,0.004114146552795047,-0.019309613860625345,0.004114146552795047,0.14481273693252028,0.007009838038734353,-0.019309613860625345,0.007009838038734353,0.15521372087505636
easy_money_10424_10432,train_mean,3,0.4170400543392368,0.38369244452584067,0.362427659425697,4.170400543392368e-05,0.15215582040567374,0.0016774065693124316,-0.01934333579204544,0.0016774065693124316,0.14485655471849204,0.007502014542098954,-0.01934333579204544,0.007502014542098954,0.15548373210211217
Nathans_Bylichka_14294_14314,train_mean,3,0.4189574389422787,0.3838081928184756,0.3628844744721373,4.189574389422787e-05,0.15382734626641495,0.0016169001251890355,-0.01978594442502097,0.0016169001251890355,0.14452788864297175,0.007856102055556827,-0.01978594442502097,0.007856102055556827,0.1561639714231898
SemEval_229,train_mean,3,0.4178162004500603,0.3882125578555213,0.3624524788304932,4.178162004500603e-05,0.1572164758083861,0.005761804325886937,-0.01877035518810196,0.005761804325886937,0.1451711400272273,0.00658002442159249,-0.01877035518810196,0.00658002442159249,0.15426355101000705
wsj_0106_194_273,train_mean,3,0.4172883394434068,0.3880213165571758,0.3626510809092652,4.1728833944340685e-05,0.1569384833496159,0.005418224210664356,-0.018587092030146114,0.005418224210664356,0.14525602626923434,0.006625774107647524,-0.018587092030146114,0.006625774107647524,0.15401139720400808
SemEval_1382,train_mean,3,0.4176502407278845,0.38608356799097704,0.3619649706741828,4.176502407278845e-05,0.15435007099473014,0.004126967727337797,-0.019412173083673843,0.004126967727337797,0.14478994449982663,0.006908005355757252,-0.019412173083673843,0.006908005355757252,0.15537086955330864
HistoryLasVegas_12218_12346,train_mean,3,0.41795657499129946,0.38801246744595896,0.3636498567511985,4.1795657499129945e-05,0.1584587188722513,0.004558149769301546,-0.01836186056315328,0.004558149769301546,0.14524545916982384,0.007101480292992103,-0.01836186056315328,0.007101480292992103,0.1537784137450511
Black_and_white_6898_6942,train_mean,3,0.4172711672315807,0.38762618372350577,0.362835353297147,4.172711672315807e-05,0.15671278205274924,0.004886444257464855,-0.01861948964307372,0.004886444257464855,0.14520131475284012,0.006792904451758772,-0.01861948964307372,0.006792904451758772,0.15410468210753098
Bartok_3174_3210,train_mean,3,0.41665511950882556,0.3865788067411652,0.36286234935036715,4.166551195088256e-05,0.15529097958409271,0.0038908252623725366,-0.018665890124014393,0.0038908252623725366,0.14517449680311767,0.006961575984628123,-0.018665890124014393,0.006961575984628123,0.15424827062319452
SemEval_1084,train_mean,3,0.41836349227512115,0.38692082978554376,0.36212386921409156,4.183634922751212e-05,0.15578215016829686,0.004783004827234635,-0.01940862217898386,0.004783004827234635,0.14477589647631522,0.006868235160445817,-0.01940862217898386,0.006868235160445817,0.15531139020054163
aspca1_522_534,train_mean,3,0.4196127483806319,0.3812572693116613,0.3635532588702313,4.196127483806319e-05,0.15237591301843736,-0.0008963299676756483,-0.019896878117778287,-0.0008963299676756483,0.14465437151284102,0.008617719322540143,-0.019896878117778287,0.008617719322540143,0.15657265151041924
110CYL071_2323_2391,train_mean,3,0.4170192789568628,0.38785832204935833,0.36242298771079984,4.1701927895686284e-05,0.15634725292963567,0.00543816365939531,-0.018643213349514774,0.00543816365939531,0.14525491994305917,0.0065441437939294245,-0.018643213349514774,0.0065441437939294245,0.15408740615317332
hotel-california_33964_33980,train_mean,3,0.41950888664255737,0.38300266678803846,0.3625441284409894,4.195088866425574e-05,0.1529869852209374,0.0012116589821965767,-0.020164204426042352,0.0012116589821965767,0.14433852067315106,0.007988227390075445,-0.020164204426042352,0.007988227390075445,0.15679148791177527
wsj_0168_488_616,train_mean,3,0.4164834540530834,0.387587587790209,0.3621884768338,4.1648345405308344e-05,0.15548731221405232,0.005342591500994089,-0.018643186164236658,0.005342591500994089,0.14528888939809292,0.006453392735082018,-0.018643186164236658,0.006453392735082018,0.1540868968480625
SemEval_540,train_mean,3,0.4173146984377119,0.3866101648714838,0.3613952122498681,4.173146984377119e-05,0.15405208590535358,0.004991605525116063,-0.019411193102757122,0.004991605525116063,0.14487343898453237,0.0065374932041576544,-0.019411193102757122,0.0065374932041576544,0.15529995166135555
Uprooted_Bike_4316_4386,train_mean,3,0.41703396433278245,0.3880893439963911,0.3631308675922869,4.1703396433278244e-05,0.15742192716225942,0.005097015202586734,-0.01828830166140754,0.005097015202586734,0.14537605474281184,0.006746960900040334,-0.01828830166140754,0.006746960900040334,0.1535967114239215
captured_moments_16856_16952,train_mean,3,0.41854171731002715,0.3874405274059072,0.3635673555538804,4.185417173100272e-05,0.15807086831306047,0.004094334870810188,-0.01873922450630016,0.004094334870810188,0.145019220514911,0.0072954976345563916,-0.01873922450630016,0.0072954976345563916,0.15437846460186438
WhereToHongKong_42102_42243,train_mean,3,0.4159708506406035,0.38798987787683464,0.362567174073637,4.159708506406035e-05,0.15606312723638888,0.005453391553006707,-0.018225053558830223,0.005453391553006707,0.14551427397236044,0.006408162141723336,-0.018225053558830223,0.006408162141723336,0.15344544842454189
SemEval_1245,train_mean,3,0.4178174359033794,0.3878548982292068,0.3631854380359042,4.178174359033794e-05,0.1576719417632408,0.00481033528256447,-0.018574238448785606,0.00481033528256447,0.1451765314811368,0.006947745825724445,-0.018574238448785606,0.006947745825724445,0.15405802098221685
HistoryLasVegas_12075_12217,train_mean,3,0.41588532229760083,0.3881668173073026,0.36291577706103695,4.158853222976008e-05,0.15661008152203573,0.005359797337033766,-0.018002635100683197,0.005359797337033766,0.14560575381769778,0.0064740025419305555,-0.018002635100683197,0.0064740025419305555,0.153126105261143
Fermentation_HR5034_6323_6339,train_mean,3,0.41987204251826954,0.3860986392421957,0.36436475023765724,4.1987204251826955e-05,0.15829123910714893,0.0022793149620115105,-0.019078328245686903,0.0022793149620115105,0.14477588876771358,0.008041470677835123,-0.019078328245686903,0.008041470677835123,0.1550592346540265
captured_moments_11497_11701,train_mean,3,0.41685257828197403,0.3875401884793438,0.36296524541249264,4.16852578281974e-05,0.15653105682448903,0.004701572367706772,-0.018460738249737724,0.004701572367706772,0.1452880087766777,0.006798756530021096,-0.018460738249737724,0.006798756530021096,0.1538781734831188
The_Black_Willow_3108_3169,train_mean,3,0.41663002363014195,0.38763406722888116,0.3627993571229325,4.16630023630142e-05,0.15631663774381876,0.004921439512941286,-0.018435834041950757,0.004921439512941286,0.1453301060584899,0.0066832031806840705,-0.018435834041950757,0.0066832031806840705,0.1538173763929619
NWF1_1606_1664,train_mean,3,0.41802116146964624,0.3867700283733717,0.36347947628674754,4.180211614696463e-05,0.15695766668152136,0.003596587043929858,-0.01878349967093702,0.003596587043929858,0.1450192134869694,0.007327038688931649,-0.01878349967093702,0.007327038688931649,0.15447319579756844
vampires_1777_1901,train_mean,3,0.41743597207755023,0.38801380280954056,0.3632842126575792,4.174359720775503e-05,0.1577431878365973,0.004887407464804414,-0.01836771845615972,0.004887407464804414,0.14529807455579904,0.006884996104629407,-0.01836771845615972,0.006884996104629407,0.15374165872889112
20020731-nyt_25556_25589,train_mean,3,0.4175449589701028,0.38585730563461507,0.3636096101076602,4.1754495897010284e-05,0.15587804243635842,0.0027228332262510422,-0.01876261783130656,0.0027228332262510422,0.14505456085671395,0.007484557856374689,-0.01876261783130656,0.007484557856374689,0.154508998342522
SemEval_528,train_mean,3,0.4185100017994831,0.38612738289776555,0.3621133110810686,4.185100017994831e-05,0.15504506431141507,0.004087082745667903,-0.019617302654467716,0.004087082745667903,0.14463583727445334,0.007067880825256747,-0.019617302654467716,0.007067880825256747,0.1556901259059073
hotel-california_25160_25170,train_mean,3,0.419005045767501,0.3857913342301225,0.3650621784312271,4.190050457675011e-05,0.15823496884835242,0.0014695461812940843,-0.01852711071088224,0.0014695461812940843,0.14511489231722477,0.008174459838547816,-0.01852711071088224,0.008174459838547816,0.1543207149010597
Fermentation_HR5034_6278_6406,train_mean,3,0.4163129473514237,0.3870763856964595,0.3631779249504013,4.1631294735142374e-05,0.15597123412939812,0.00409533456551219,-0.0183221466925072,0.00409533456551219,0.14535576456459615,0.006905971316818048,-0.0183221466925072,0.006905971316818048,0.15371580497354848
blog-new-year's-resolutions_2191_2524,train_mean,3,0.4161243037323328,0.38836434252118696,0.36265631379527763,4.161243037323328e-05,0.1566654719457955,0.005777841092195704,-0.018116408957952586,0.005777841092195704,0.1455794431021886,0.006355666306625634,-0.018116408957952586,0.006355666306625634,0.1532609855862274
SemEval_835,train_mean,3,0.41831482741248915,0.387902450872902,0.3638736855667101,4.183148274124892e-05,0.15879795218870146,0.004247335291714748,-0.018398694829666842,0.004247335291714748,0.14519139881856574,0.007266077312972848,-0.018398694829666842,0.007266077312972848,0.15387031426697856
hsus4_5287_5379,train_mean,3,0.41576644862660306,0.38640712508109476,0.36248051495960465,4.157664486266031e-05,0.15418774977111413,0.003973476605091098,-0.018574544306981758,0.003973476605091098,0.1452843273752148,0.006755068072877329,-0.018574544306981758,0.006755068072877329,0.1540922526960658
20000419_apw_eng-NEW_95_111,train_example_q25,3,0.4188463266562908,0.3940853929406652,0.3687685998039712,4.188463266562908e-05,0.1600474109772465,0.005067300275613239,-0.017183167896788254,0.005067300275613239,0.1504843284221213,0.006699515734106383,-0.017183167896788254,0.006699515734106383,0.15619408308468014
easy_money_10424_10432,train_example_q25,3,0.41770230812287756,0.39177521338307103,0.36890384839418827,4.177023081228776e-05,0.15710249212558813,0.002700422590944342,-0.017296512312203288,0.002700422590944342,0.15050526326670746,0.0070541371406743075,-0.017296512312203288,0.0070541371406743075,0.1564453300002767
Nathans_Bylichka_14294_14314,train_example_q25,3,0.4195563100257654,0.39182428865663077,0.3693133465565946,4.195563100257654e-05,0.1587314050359786,0.0026216101109796247,-0.017686867346286002,0.0026216101109796247,0.15014628773622404,0.0073964756679101365,-0.017686867346286002,0.0073964756679101365,0.15706842563633974
SemEval_229,train_example_q25,3,0.4191339816189266,0.3955737073626174,0.36883505178997295,4.191339816189267e-05,0.16202234791194803,0.006676412374368615,-0.016614745207596752,0.006676412374368615,0.15085980740611973,0.006374991629855491,-0.016614745207596752,0.006374991629855491,0.15530899261518458
wsj_0106_194_273,train_example_q25,3,0.4186070086592006,0.39544353793770204,0.36901232037765525,4.186070086592006e-05,0.1617581800661797,0.006348046391758134,-0.016446503801359487,0.006348046391758134,0.15094728098484594,0.0064074736235233305,-0.016446503801359487,0.0064074736235233305,0.15507205093476656
SemEval_1382,train_example_q25,3,0.41852895947968316,0.3938569233592645,0.3684421767171249,4.185289594796832e-05,0.1592234632341108,0.005081816148480333,-0.017298654935511207,0.005081816148480333,0.1504695727695154,0.006594210029336613,-0.017298654935511207,0.006594210029336613,0.1563463675815987
HistoryLasVegas_12218_12346,train_example_q25,3,0.4192779529337768,0.3954548661924193,0.3698976384841092,4.192779529337768e-05,0.1632589920484938,0.005505483442444808,-0.01620685272179785,0.005505483442444808,0.1509073992754626,0.006845910356977417,-0.01620685272179785,0.006845910356977417,0.15483642464376712
Black_and_white_6898_6942,train_example_q25,3,0.41850498941077174,0.39514614890906097,0.3691847804113978,4.1850498941077175e-05,0.1615432588232696,0.005830040082054351,-0.016485397584089775,0.005830040082054351,0.15088535993590524,0.006545311627226824,-0.016485397584089775,0.006545311627226824,0.15515568848760927
Bartok_3174_3210,train_example_q25,3,0.4177204668656954,0.3943215298503056,0.3692277109521269,4.177204668656955e-05,0.16016314736347392,0.004865914351252497,-0.01656474103079118,0.004865914351252497,0.15085558160481782,0.006658196795979697,-0.01656474103079118,0.006658196795979697,0.15529023090863553
SemEval_1084,train_example_q25,3,0.419344958012524,0.39453812510115044,0.3685723942460319,4.1934495801252405e-05,0.16061814351057319,0.005713987784345582,-0.01726180719956543,0.005713987784345582,0.15045041947363796,0.006591582999670543,-0.01726180719956543,0.006591582999670543,0.15628757278489785
aspca1_522_534,train_example_q25,3,0.4200624808239567,0.389428237529707,0.36996762042940023,4.2006248082395674e-05,0.15733273547664153,0.00016511663418591806,-0.017844809432570025,0.00016511663418591806,0.15020973957984568,0.008018968478287713,-0.017844809432570025,0.008018968478287713,0.15744040509117635
110CYL071_2323_2391,train_example_q25,3,0.41830662464677243,0.39531762170974116,0.36881151438746135,4.183066246467724e-05,0.16117855598910374,0.006369893830767191,-0.01651174259163253,0.006369893830767191,0.15095266771166627,0.006324928223045919,-0.01651174259163253,0.006324928223045919,0.1551471637016245
hotel-california_33964_33980,train_example_q25,3,0.41999697005753744,0.3910603325122273,0.36902680042004654,4.199969700575375e-05,0.15790332793084513,0.002218482531938599,-0.01807137608451639,0.002218482531938599,0.1499470458568029,0.007493254777744061,-0.01807137608451639,0.007493254777744061,0.15765604416269474
wsj_0168_488_616,train_example_q25,3,0.4177334917941778,0.3951135646402205,0.3686051682671323,4.177334917941778e-05,0.1603382801377432,0.006282240613849732,-0.016529292289908272,0.006282240613849732,0.15099593106243062,0.006228442085908226,-0.016529292289908272,0.006228442085908226,0.15515155800232533
SemEval_540,train_example_q25,3,0.418275060254254,0.3942938684884027,0.3679171091969433,4.1827506025425404e-05,0.15892142761140682,0.0059278953558335006,-0.017297942525678657,0.0059278953558335006,0.1505730857820877,0.006270424340429362,-0.017297942525678657,0.006270424340429362,0.15629016660459044
Uprooted_Bike_4316_4386,train_example_q25,3,0.4184139810423367,0.3955137355429537,0.3694328027769015,4.184139810423367e-05,0.16224052721940624,0.006039442448289343,-0.01615268229780082,0.006039442448289343,0.1510629069583979,0.006520523172602658,-0.01615268229780082,0.006520523172602658,0.1546785361246312
captured_moments_16856_16952,train_example_q25,3,0.4196913558938729,0.394989108122399,0.3698437976073958,4.196913558938729e-05,0.16287823475069635,0.005045989458437553,-0.01657910498523866,0.005045989458437553,0.15066816175317704,0.007004628731621304,-0.01657910498523866,0.007004628731621304,0.15539526787215274
WhereToHongKong_42102_42243,train_example_q25,3,0.41737857512643245,0.39543768866158263,0.3689292666503076,4.173785751264325e-05,0.16090854752175926,0.006397618413248049,-0.01611609607252982,0.006397618413248049,0.15122627671240965,0.006201343909789731,-0.01611609607252982,0.006201343909789731,0.15454982014555052
SemEval_1245,train_example_q25,3,0.41908377566635485,0.3953226391331116,0.36949277604912456,4.190837756663549e-05,0.16248294311359973,0.005750896833480329,-0.01642389154827558,0.005750896833480329,0.15084810183423342,0.006698370789443749,-0.01642389154827558,0.006698370789443749,0.15510506664259135
HistoryLasVegas_12075_12217,train_example_q25,3,0.4173656097433011,0.39558062408671907,0.3692323186441806,4.1736560974330114e-05,0.16144895561132944,0.006308499582313601,-0.015892771072083145,0.006308499582313601,0.15131461102936067,0.0062688345514383785,-0.015892771072083145,0.0062688345514383785,0.15424702083990335
Fermentation_HR5034_6323_6339,train_example_q25,3,0.4207752303331869,0.39384669986274906,0.3705796015010802,4.207752303331869e-05,0.16310780184959234,0.0032656176308525665,-0.016912463528582243,0.0032656176308525665,0.15037432610032694,0.007648447697864137,-0.016912463528582243,0.007648447697864137,0.15601413055350502
captured_moments_11497_11701,train_example_q25,3,0.4181031655249169,0.3950918456010397,0.3692986824827235,4.181031655249169e-05,0.16137086810500653,0.00565501751492658,-0.016337889093332864,0.00565501751492658,0.15097477166263246,0.0065457455468809905,-0.016337889093332864,0.0065457455468809905,0.1549437005982282
The_Black_Willow_3108_3169,train_example_q25,3,0.4179092308809076,0.3951646267243982,0.36914823399525154,4.179092308809076e-05,0.16115895738759342,0.0058715160941813435,-0.016316753830165863,0.0058715160941813435,0.15102427389655268,0.006442312358224865,-0.016316753830165863,0.006442312358224865,0.15489039484737158
NWF1_1606_1664,train_example_q25,3,0.41907414639009855,0.3944538391969539,0.36977721468932717,4.190741463900986e-05,0.1617948306088429,0.004565936334811717,-0.016646554004882907,0.004565936334811717,0.15067073619833055,0.007007488655256536,-0.016646554004882907,0.007007488655256536,0.15548659312602942
vampires_1777_1901,train_example_q25,3,0.4187745608617165,0.3954546512692198,0.36957279701181145,4.187745608617165e-05,0.16255561191449616,0.005830926591890788,-0.01622400311219736,0.005830926591890788,0.15097512422589424,0.006645615562952557,-0.01622400311219736,0.006645615562952557,0.15480983018612698
20020731-nyt_25556_25589,train_example_q25,3,0.41849221244854923,0.3937024726962795,0.3699073724369687,4.184922124485493e-05,0.16074932773498612,0.003719657939731962,-0.01665404773475508,0.003719657939731962,0.1506998370333001,0.00711831603621578,-0.01665404773475508,0.00711831603621578,0.1555196683021825
SemEval_528,train_example_q25,3,0.41935219444322147,0.39387115391313043,0.36857863946216674,4.193521944432215e-05,0.15990025176328865,0.005033406035349923,-0.017481766767913187,0.005033406035349923,0.1503012194068103,0.006746943284675143,-0.017481766767913187,0.006746943284675143,0.15663949116688924
hotel-california_25160_25170,train_example_q25,3,0.4199765606303303,0.3936252470895416,0.37118148477746343,4.199765606303303e-05,0.16307323930844853,0.0024899596013985975,-0.0163908194127323,0.0024899596013985975,0.1507051984293351,0.007757457719778062,-0.0163908194127323,0.007757457719778062,0.15531840352900286
Fermentation_HR5034_6278_6406,train_example_q25,3,0.4175118962304757,0.39474446939240015,0.36949319154555255,4.175118962304757e-05,0.16083333818521545,0.005070598877524148,-0.016220026039334097,0.005070598877524148,0.1510408292550778,0.006624308357481859,-0.016220026039334097,0.006624308357481859,0.1547904307680803
blog-new-year's-resolutions_2191_2524,train_example_q25,3,0.4176329703391734,0.3957096061104349,0.3689996225209344,4.176329703391734e-05,0.16149574373278244,0.006712824334474141,-0.015998128806223796,0.006712824334474141,0.15129183108791325,0.006169577919612267,-0.015998128806223796,0.006169577919612267,0.15437653688229258
SemEval_835,train_example_q25,3,0.4195991024224513,0.39536858434115363,0.37009885365471884,4.195991024224513e-05,0.16359347184939485,0.005199410593263904,-0.016237738923942834,0.005199410593263904,0.15084216188797464,0.0069938690206497525,-0.016237738923942834,0.0069938690206497525,0.15491725197682205
hsus4_5287_5379,train_example_q25,3,0.4168334529855521,0.3941971776526424,0.3688876603311646,4.168334529855521e-05,0.15908398790275666,0.004955502607681806,-0.016498771915436444,0.004955502607681806,0.15098284066396955,0.006457000879874313,-0.016498771915436444,0.006457000879874313,0.1551528197750419
20000419_apw_eng-NEW_95_111,train_example_q75,3,0.4237337696572859,0.4033898598127652,0.3758689602831638,4.2373376965728586e-05,0.16772915048402337,0.006456893381890087,-0.01523691965304928,0.006456893381890087,0.15593583326287314,0.007621800645625759,-0.01523691965304928,0.007621800645625759,0.15988617810518618
easy_money_10424_10432,train_example_q75,3,0.4221705862815091,0.40130494709337816,0.37625817553499186,4.221705862815091e-05,0.1648858864887955,0.004167130265011565,-0.015373694997673841,0.004167130265011565,0.1559020593128358,0.007902893220418282,-0.015373694997673841,0.007902893220418282,0.1600559333381817
Nathans_Bylichka_14294_14314,train_example_q75,3,0.4238824117589751,0.4014203337381382,0.3764148974235306,4.238824117589751e-05,0.16641616503721296,0.004110769596543433,-0.015702307604844205,0.004110769596543433,0.1554941591150278,0.008216837364338744,-0.015702307604844205,0.008216837364338744,0.16059243418716984
SemEval_229,train_example_q75,3,0.42456342711184275,0.4045265130089695,0.3757916687491182,4.2456342711184275e-05,0.16964762299475508,0.00801268047284384,-0.014692945175285457,0.00801268047284384,0.15634372409074376,0.007376259933584851,-0.014692945175285457,0.007376259933584851,0.15912383458389723
wsj_0106_194_273,train_example_q75,3,0.4240433244045757,0.4044289902635537,0.37595508083120277,4.240433244045757e-05,0.16939562211752648,0.007698942152835817,-0.014537481874456321,0.007698942152835817,0.15642470411970882,0.007411163746749147,-0.014537481874456321,0.007411163746749147,0.1588974457032427
SemEval_1382,train_example_q75,3,0.42337027184763737,0.4031800567986047,0.3756729891006904,4.2337027184763736e-05,0.1669462291840096,0.00645896351943517,-0.01536049990390391,0.00645896351943517,0.1559422729678442,0.007510648793726253,-0.01536049990390391,0.007510648793726253,0.16003823787246213
HistoryLasVegas_12218_12346,train_example_q75,3,0.4246605390787747,0.40449122845839697,0.37653853249721153,4.246605390787747e-05,0.17080288476395786,0.006919600384609214,-0.014277087240126055,0.006919600384609214,0.156307225956144,0.007838377092245542,-0.014277087240126055,0.007838377092245542,0.15862088308551037
Black_and_white_6898_6942,train_example_q75,3,0.42382245483989817,0.40422403869078494,0.37610389964511864,4.238224548398982e-05,0.16918035851943278,0.007204659373121336,-0.014570763700840875,0.007204659373121336,0.15634307255952914,0.007532323558613933,-0.014570763700840875,0.007532323558613933,0.1589532589313101
Bartok_3174_3210,train_example_q75,3,0.4228120247997881,0.4035807494187654,0.3762444097976909,4.228120247997881e-05,0.16785269844508277,0.006271534966821533,-0.014658368384021502,0.006271534966821533,0.15630033799489906,0.00761528181083037,-0.014658368384021502,0.00761528181083037,0.15905424908073995
SemEval_1084,train_example_q75,3,0.42431969988441876,0.40375723685937154,0.3756645512763394,4.243196998844188e-05,0.1682808250202597,0.007077762547950195,-0.015307110438174124,0.007077762547950195,0.15591853607741665,0.00752608900620234,-0.015307110438174124,0.00752608900620234,0.15999160801429485
aspca1_522_534,train_example_q75,3,0.4240451844742547,0.39910757455581786,0.3771267675293351,4.2404518447425476e-05,0.16503595569233223,0.0017502526162109823,-0.0158532728312576,0.0017502526162109823,0.15544144275853725,0.008759005595555466,-0.0158532728312576,0.008759005595555466,0.16084837487988796
110CYL071_2323_2391,train_example_q75,3,0.42371522098455194,0.404325889775881,0.3758386603065295,4.23715220984552e-05,0.1688465596187506,0.007711905917891089,-0.014609100187017166,0.007711905917891089,0.15644596224050716,0.007326434407596817,-0.014609100187017166,0.007326434407596817,0.15897619035879457
hotel-california_33964_33980,train_example_q75,3,0.4241510520247339,0.4006810561186482,0.37625823012302684,4.2415105202473394e-05,0.1656102999841678,0.0037125450913329944,-0.016072270951635746,0.0037125450913329944,0.15528868000387558,0.008276378682118644,-0.016072270951635746,0.008276378682118644,0.16112069941331314
wsj_0168_488_616,train_example_q75,3,0.4231111023205782,0.40415881469156767,0.3757393305308479,4.231111023205782e-05,0.16804999116036598,0.007617849737622508,-0.014640179557043175,0.007617849737622508,0.15650749371158262,0.007228308268355608,-0.014640179557043175,0.007228308268355608,0.15898991203564888
SemEval_540,train_example_q75,3,0.42326172512618826,0.4035154071515958,0.37527596438063165,4.232617251261883e-05,0.16667945102080156,0.007257962041285426,-0.01537666183654236,0.007257962041285426,0.1560966985538213,0.007212457215891407,-0.01537666183654236,0.007212457215891407,0.1600310716327054
Uprooted_Bike_4316_4386,train_example_q75,3,0.42391927248557215,0.4044872745400738,0.37625678254693523,4.2391927248557214e-05,0.16985299496226486,0.007414056711211536,-0.014252252088340142,0.007414056711211536,0.15651602065338135,0.007533528216088884,-0.014252252088340142,0.007533528216088884,0.15851765564647924
captured_moments_16856_16952,train_example_q75,3,0.4248304517135669,0.40416313561276807,0.3765114494443114,4.248304517135669e-05,0.17042359613226754,0.006476487781224895,-0.014623091302713359,0.006476487781224895,0.15605132302021127,0.00796100137724183,-0.014623091302713359,0.00796100137724183,0.1591147053016756
WhereToHongKong_42102_42243,train_example_q75,3,0.4229632506012307,0.4043851893624745,0.3759651592841765,4.229632506012307e-05,0.16860327591444066,0.007737168060835475,-0.014247826087467757,0.007737168060835475,0.15673290921599192,0.007230059313808289,-0.014247826087467757,0.007230059313808289,0.15843890860002754
SemEval_1245,train_example_q75,3,0.4244181906830986,0.40437719702055464,0.3762754304687567,4.244181906830986e-05,0.17006853194867283,0.0071416872401675185,-0.014495360000128188,0.0071416872401675185,0.15627781033213423,0.007685080260574406,-0.014495360000128188,0.007685080260574406,0.1588885753465565
HistoryLasVegas_12075_12217,train_example_q75,3,0.4230353361564661,0.4044897430609028,0.37616873692133174,4.2303533615646615e-05,0.16911816924353595,0.007660902391153161,-0.014029648032086745,0.007660902391153161,0.15680502186679615,0.007308138479127882,-0.014029648032086745,0.007308138479127882,0.1581505754051472
Fermentation_HR5034_6323_6339,train_example_q75,3,0.42547259033770163,0.4033087440857983,0.3770492945881015,4.2547259033770166e-05,0.17059741329428374,0.004785030538987541,-0.014906835885026604,0.004785030538987541,0.15565703339913053,0.008534983960081084,-0.014906835885026604,0.008534983960081084,0.15959659204070836
captured_moments_11497_11701,train_example_q75,3,0.4234472263664993,0.4041795103178426,0.3762111076943858,4.234472263664993e-05,0.16901790915229503,0.0070373720617090355,-0.014435013298804656,0.0070373720617090355,0.15643011981004762,0.007537836839332013,-0.014435013298804656,0.007537836839332013,0.15875539866854638
The_Black_Willow_3108_3169,train_example_q75,3,0.4233031624165861,0.40422090923939674,0.3761104894339418,4.2330316241658616e-05,0.1688228111472704,0.007240208143468201,-0.014422180077291007,0.007240208143468201,0.15649617618008435,0.0074423615868283895,-0.014422180077291007,0.0074423615868283895,0.15872022371309175
NWF1_1606_1664,train_example_q75,3,0.4240905422145499,0.4037350152499478,0.3765409417300653,4.240905422145499e-05,0.16938761218535864,0.006006776929862985,-0.014699686098314745,0.006006776929862985,0.15605678417496527,0.007948272573123097,-0.014699686098314745,0.007948272573123097,0.15919343497334698
vampires_1777_1901,train_example_q75,3,0.42420968776519674,0.40446360551173416,0.3763392803870988,4.2420968776519675e-05,0.1701443904730367,0.007219723087471692,-0.014309859457321555,0.007219723087471692,0.15640900528099108,0.007647448461331655,-0.014309859457321555,0.007647448461331655,0.15862252558564902
20020731-nyt_25556_25589,train_example_q75,3,0.42334880613527776,0.4031160674328454,0.37672985901129463,4.2334880613527775e-05,0.1683813374264123,0.005189538594564953,-0.014716365924521668,0.005189538594564953,0.1560679513386582,0.008036668408669186,-0.014716365924521668,0.008036668408669186,0.15920287338428674
SemEval_528,train_example_q75,3,0.42412097810477845,0.40321236265026766,0.37571905779545367,4.241209781047785e-05,0.1675802485267882,0.0064207143326546635,-0.015516667401127492,0.0064207143326546635,0.15575178595076594,0.007648632348069569,-0.015516667401127492,0.007648632348069569,0.16029158937571444
hotel-california_25160_25170,train_example_q75,3,0.42473075794636383,0.40314070540253516,0.3775327805343697,4.247307579463639e-05,0.17056578762387542,0.004050523570859308,-0.014415580410127578,0.004050523570859308,0.15595151221235995,0.008658430668820633,-0.014415580410127578,0.008658430668820633,0.1589323456399237
Fermentation_HR5034_6278_6406,train_example_q75,3,0.4227866109291701,0.4039173690952416,0.37640943402881083,4.227866109291701e-05,0.16850091094565184,0.006476811743574073,-0.014328552845853364,0.006476811743574073,0.15648235725949733,0.007608608947305317,-0.014328552845853364,0.007608608947305317,0.15859855325853556
blog-new-year's-resolutions_2191_2524,train_example_q75,3,0.4233384329694427,0.40456920176553746,0.3759809016327524,4.233384329694427e-05,0.16916815951382505,0.008044096730285541,-0.014131751822453357,0.008044096730285541,0.15679897325253989,0.0072135024701335156,-0.014131751822453357,0.0072135024701335156,0.15828617347243995
SemEval_835,train_example_q75,3,0.4249110982175232,0.4044478147148011,0.37666719019510536,4.249110982175232e-05,0.17111208213557574,0.0066329156919631895,-0.014295854872563789,0.0066329156919631895,0.15621802829768436,0.007975354701628846,-0.014295854872563789,0.007975354701628846,0.1586755379522154
hsus4_5287_5379,train_example_q75,3,0.4219592167897642,0.4034503824144249,0.37606705931449386,4.2195921678976424e-05,0.16683565827467262,0.006343005260147158,-0.014619274029362856,0.006343005260147158,0.1564615419861173,0.007422562434538229,-0.014619274029362856,0.007422562434538229,0.15895102454483814
