valence,arousal,dominance,sigma_min,near_training,pc1,pc2,pc3
-0.05812111869454384,-0.03860316053032875,0.05003213270761649,0.3633942951746818,True,0.9894263029075889,-0.03431689873509191,0.02966504728374059
-0.05812111869454384,-0.02573307417333126,0.05003213270761649,0.36324052858120676,True,0.9896797057618102,-0.03536659882963341,0.029528216043094833
-0.05812111869454384,-0.01286298781633377,0.05003213270761649,0.3630846589443592,True,0.9899162732015079,-0.03641409724121651,0.029390921421973578
-0.05812111869454384,7.098540663719177e-06,0.05003213270761649,0.3629269049230079,True,0.9901360038549907,-0.03745937901624979,0.029253166325449532
-0.05812111869454384,0.012877184897661209,0.05003213270761649,0.36276746742874255,True,0.9903388965883038,-0.03850242921880416,0.029114953643954174
-0.05812111869454384,0.0257472712546587,0.05003213270761649,0.36260653144390864,True,0.9905249505054055,-0.03954323293127342,0.02897628625333245
-0.05812111869454384,0.03861735761165619,0.05003213270761649,0.3624442676412923,True,0.9906941649483261,-0.04058177525502773,0.028837167014894593
-0.05812111869454384,0.05148744583129883,0.05003213270761649,0.3622808338017353,True,0.9908465395181496,-0.04161804146087936,0.028697598755241135
-0.05812111869454384,0.06435753405094147,0.05003213270761649,0.3621163761668254,True,0.9909820740077799,-0.042652016539641395,0.02855758432688397
-0.05812111869454384,0.07722761482000351,0.05003213270761649,0.36195103060376654,True,0.9911007684104856,-0.0436836850569653,0.028417126629308016
-0.05812111869454384,0.09009770303964615,0.05003213270761649,0.3617849232583663,True,0.9912026231594119,-0.044713033391148724,0.028276228303623915
-0.047759540379047394,-0.03860316053032875,0.05003213270761649,0.3635731882674369,True,0.9871941302763989,-0.034172319792145474,0.029178449243455137
-0.047759540379047394,-0.02573307417333126,0.05003213270761649,0.3634157155258294,True,0.9874451518093904,-0.03522233097747831,0.029041406719979592
-0.047759540379047394,-0.01286298781633377,0.05003213270761649,0.36325636865260896,True,0.9876793446231127,-0.03627014213762975,0.02890390422941666
-0.047759540379047394,7.098540663719177e-06,0.05003213270761649,0.36309535015913524,True,0.9878967074155721,-0.03731573830637763,0.028765944676944644
-0.047759540379047394,0.012877184897661209,0.05003213270761649,0.3629328460053747,True,0.9880972391224434,-0.0383591045352158,0.028627530953101374
-0.047759540379047394,0.0257472712546587,0.05003213270761649,0.36276902734435706,True,0.9882809389172382,-0.03940022589401016,0.028488665933837507
-0.047759540379047394,0.03861735761165619,0.05003213270761649,0.36260405206640184,True,0.9884478062114596,-0.04043908747165753,0.028349352480569755
-0.047759540379047394,0.05148744583129883,0.05003213270761649,0.36243806614144275,True,0.9885978406752445,-0.04147567452659438,0.02820959341997741
-0.047759540379047394,0.06435753405094147,0.05003213270761649,0.3622712049000431,True,0.9887310421711434,-0.04250997203721977,0.028069391604707505
-0.047759540379047394,0.07722761482000351,0.05003213270761649,0.36210359412879106,True,0.9888474107629794,-0.04354196455668116,0.02792874993445482
-0.047759540379047394,0.09009770303964615,0.05003213270761649,0.3619353506527738,True,0.9889469469503246,-0.044571638451388194,0.02778767105022335
-0.03739796578884125,-0.03860316053032875,0.05003213270761649,0.3637444017136522,True,0.9849556128592386,-0.034027134028363444,0.028691336734321646
-0.03739796578884125,-0.02573307417333126,0.05003213270761649,0.3635834627654639,True,0.9852042558834258,-0.03507745210510967,0.028554084031976627
-0.03739796578884125,-0.01286298781633377,0.05003213270761649,0.363420868543246,True,0.9854360769429251,-0.03612557181608227,0.028416374763797256
-0.03739796578884125,7.098540663719177e-06,0.05003213270761649,0.36325680566806007,True,0.985651074805302,-0.03717147818258647,0.02827821183506778
-0.03739796578884125,0.012877184897661209,0.05003213270761649,0.3630914454613316,True,0.9858492484757186,-0.03821515624369294,0.02813959813643213
-0.03739796578884125,0.0257472712546587,0.05003213270761649,0.36292494559697513,True,0.986030597197096,-0.039256591056897536,0.028000536543948355
-0.03739796578884125,0.03861735761165619,0.05003213270761649,0.36275745155571615,True,0.9861951204502665,-0.040295767698777504,0.027861029919140645
-0.03739796578884125,0.05148744583129883,0.05003213270761649,0.3625890978811182,True,0.9863428179742725,-0.041332671415549437,0.027721081088769483
-0.03739796578884125,0.06435753405094147,0.05003213270761649,0.3624200093805224,True,0.9864736897011578,-0.042367287173352,0.02758069290561817
-0.03739796578884125,0.07722761482000351,0.05003213270761649,0.36225030214475307,True,0.9865877357651505,-0.04339959951298625,0.027439868269595033
-0.03739796578884125,0.09009770303964615,0.05003213270761649,0.36208008405590947,True,0.9866849567320958,-0.04442959478912426,0.027298609821599124
-0.027036387473344803,-0.03860316053032875,0.05003213270761649,0.36390807267093744,True,0.9827107534432802,-0.03388134113192842,0.02820371207109115
-0.027036387473344803,-0.02573307417333126,0.05003213270761649,0.3637439076861712,True,0.9829570208048211,-0.034931961894383474,0.02806625029199828
-0.027036387473344803,-0.01286298781633377,0.05003213270761649,0.36357829547729986,True,0.9831864730155436,-0.03598038595217184,0.027928335336211484
-0.027036387473344803,7.098540663719177e-06,0.05003213270761649,0.36341140718135007,True,0.9833991089124356,-0.03702659831427959,0.027789970109120342
-0.027036387473344803,0.012877184897661209,0.05003213270761649,0.36324339991830173,True,0.9835949275700034,-0.03807058400751282,0.027651157501475756
-0.027036387473344803,0.0257472712546587,0.05003213270761649,0.3630744183360633,True,0.9837739283004324,-0.03911232807715123,0.02751190038944352
-0.027036387473344803,0.03861735761165619,0.05003213270761649,0.3629045959638183,True,0.9839361106537361,-0.04015181558760872,0.02737220163465658
-0.027036387473344803,0.05148744583129883,0.05003213270761649,0.36273405637363454,True,0.9840814744377149,-0.041189031773036185,0.027232064063958786
-0.027036387473344803,0.06435753405094147,0.05003213270761649,0.3625629142953599,True,0.9842100196537547,-0.042223961587467204,0.02709149053027104
-0.027036387473344803,0.07722761482000351,0.05003213270761649,0.36239127655648984,True,0.9843217465063311,-0.043256589559512636,0.026950483933717767
-0.027036387473344803,0.09009770303964615,0.05003213270761649,0.36221924251282134,True,0.9844166556274122,-0.04428690203225589,0.026809046915096894
-0.016674809157848358,-0.03860316053032875,0.05003213270761649,0.36406434964685647,True,0.9804595572570339,-0.0337349409427548,0.02771557808645666
-0.016674809157848358,-0.02573307417333126,0.05003213270761649,0.36389719767019,True,0.9807034518383148,-0.03478586017864782,0.02757790833110655
-0.016674809157848358,-0.01286298781633377,0.05003213270761649,0.36372879511795614,True,0.9809305381418978,-0.03583458437274262,0.027439788776109152
-0.016674809157848358,7.098540663719177e-06,0.05003213270761649,0.36355929818046057,True,0.9811408150740472,-0.03688109852186461,0.027301222326958897
-0.016674809157848358,0.012877184897661209,0.05003213270761649,0.3633888503209389,True,0.9813342817784699,-0.03792538764070811,0.027162211874513693
-0.016674809157848358,0.0257472712546587,0.05003213270761649,0.3632175837025191,True,0.9815109376364685,-0.03896743676249512,0.027022760295047684
-0.016674809157848358,0.03861735761165619,0.05003213270761649,0.3630456204328531,True,0.9816707822670908,-0.0400072309396305,0.02688287045030517
-0.016674809157848358,0.05148744583129883,0.05003213270761649,0.36287307362597043,True,0.9818138155467433,-0.04104475539435289,0.0267425451672128
-0.016674809157848358,0.06435753405094147,0.05003213270761649,0.36270004842749326,True,0.9819400375459999,-0.042079995068747336,0.026601787298833134
-0.016674809157848358,0.07722761482000351,0.05003213270761649,0.36252664287244357,True,0.9820494485394283,-0.043112934479390456,0.02646059974550616
-0.016674809157848358,0.09009770303964615,0.05003213270761649,0.36235294823790337,True,0.9821420492249647,-0.04414355995792571,0.026318985147934827
-0.006313229911029339,-0.03860316053032875,0.05003213270761649,0.364213391565099,True,0.9782020285501347,-0.03358793323072198,0.02722693738674962
-0.006313229911029339,-0.02573307417333126,0.05003213270761649,0.36404348923985064,True,0.9784435532686446,-0.03463914672144362,0.02708906075388932
-0.006313229911029339,-0.01286298781633377,0.05003213270761649,0.3638725211507764,True,0.9786682766417845,-0.035688166835062894,0.026950737686354864
-0.006313229911029339,7.098540663719177e-06,0.05003213270761649,0.36370062919040147,True,0.9788761976449514,-0.03673497855640047,0.026811971089744868
-0.006313229911029339,0.012877184897661209,0.05003213270761649,0.3635279438002281,True,0.9790673154909055,-0.03777956688819736,0.026672763855025025
-0.006313229911029339,0.0257472712546587,0.05003213270761649,0.36335458527265496,True,0.9792416296299203,-0.03882191685176973,0.026533118858578765
-0.006313229911029339,0.03861735761165619,0.05003213270761649,0.3631806648823194,True,0.9793991397499264,-0.03986201348767001,0.026393038962261195
-0.006313229911029339,0.05148744583129883,0.05003213270761649,0.36300628584546857,True,0.9795398457957845,-0.040899842006379576,0.026252526993085643
-0.006313229911029339,0.06435753405094147,0.05003213270761649,0.3628315442540025,True,0.9796637479071021,-0.04193538733818918,0.026111585804256196
-0.006313229911029339,0.07722761482000351,0.05003213270761649,0.3626565298507638,True,0.9797708464283787,-0.04296863398779773,0.02597021829633134
-0.006313229911029339,0.09009770303964615,0.05003213270761649,0.36248132630478447,True,0.9798611421233672,-0.04399956827555758,0.02582842710992291
0.004048347473144531,-0.03860316053032875,0.05003213270761649,0.3643553664027098,True,0.9759381724129721,-0.033440317814023866,0.02673779274667935
0.004048347473144531,-0.02573307417333126,0.05003213270761649,0.3641829467946651,True,0.976177330222086,-0.03449182133461219,0.02659971033336665
0.004048347473144531,-0.01286298781633377,0.05003213270761649,0.36400963411534804,True,0.9763996936773204,-0.03554113314468605,0.026461184838298474
0.004048347473144531,7.098540663719177e-06,0.05003213270761649,0.3638355566999595,True,0.9766052618230607,-0.0365882382172185,0.026322219167179008
0.004048347473144531,0.012877184897661209,0.05003213270761649,0.3636608326760127,True,0.976794033940974,-0.03763312154315011,0.02618281621108094
0.004048347473144531,0.0257472712546587,0.05003213270761649,0.3634855711367467,True,0.9769660095501536,-0.03867576813205056,0.02604297884649667
0.004048347473144531,0.03861735761165619,0.05003213270761649,0.36330987315752233,True,0.977121188407261,-0.0397161630127737,0.02590270993539543
0.004048347473144531,0.05148744583129883,0.05003213270761649,0.3631338326523479,True,0.9772595705254569,-0.040754291384196624,0.02576201230487633
0.004048347473144531,0.06435753405094147,0.05003213270761649,0.3629575372171853,True,0.9773811561132262,-0.041790138164971354,0.025620888808287622
0.004048347473144531,0.07722761482000351,0.05003213270761649,0.3627810688238236,True,0.9774859455848405,-0.04282368784807661,0.02547934234640839
0.004048347473144531,0.09009770303964615,0.05003213270761649,0.36260450401954986,True,0.9775739397697091,-0.04385492674272198,0.0253373755597613
0.014409924857318401,-0.03860316053032875,0.05003213270761649,0.3644904500569466,True,0.9736679929490182,-0.03329209444016342,0.026248146713918827
0.014409924857318401,-0.02573307417333126,0.05003213270761649,0.36431574158448937,True,0.9739047868368663,-0.03434388375952622,0.0261098596154096
0.014409924857318401,-0.01286298781633377,0.05003213270761649,0.36414030047684004,True,0.9741247934214486,-0.03539348303692084,0.025971132776031667
0.014409924857318401,7.098540663719177e-06,0.05003213270761649,0.3639642423237037,True,0.9743280118159909,-0.03644087723362724,0.025831969101594902
0.014409924857318401,0.012877184897661209,0.05003213270761649,0.3637876737017102,True,0.9745144413709178,-0.03748605132894352,0.025692371483277864
0.014409924857318401,0.0257472712546587,0.05003213270761649,0.36361069321909684,True,0.9746840816739917,-0.03852899032084609,0.025552342797685146
0.014409924857318401,0.03861735761165619,0.05003213270761649,0.36343339241808126,True,0.9748369325504497,-0.03956967922664629,0.025411885906896678
0.014409924857318401,0.05148744583129883,0.05003213270761649,0.36325585653026343,True,0.9749729940816004,-0.04060810323377094,0.02527100363810241
0.014409924857318401,0.06435753405094147,0.05003213270761649,0.36307816523129244,True,0.9750922665446462,-0.04164424724938864,0.02512969884479472
0.014409924857318401,0.07722761482000351,0.05003213270761649,0.3629003932557665,True,0.9751947504234674,-0.04267809575491248,0.024987974427974464
0.014409924857318401,0.09009770303964615,0.05003213270761649,0.36272261052422305,True,0.9752804466129744,-0.0437096350485592,0.02484583302807983
0.02477150224149227,-0.03860316053032875,0.05003213270761649,0.3646188250013606,True,0.9713914946948982,-0.03314326287847208,0.02575800191651084
0.02477150224149227,-0.02573307417333126,0.05003213270761649,0.3644420504836103,True,0.9716259276847251,-0.034195333759425926,0.025619511226276488
0.02477150224149227,-0.01286298781633377,0.05003213270761649,0.3642646915075532,True,0.9718435804809784,-0.03524521626898072,0.02548058412405127
0.02477150224149227,7.098540663719177e-06,0.05003213270761649,0.36408685178100053,True,0.9720444522655776,-0.03629289535687941,0.02534122351574762
0.02477150224149227,0.012877184897661209,0.05003213270761649,0.3639086271314877,True,0.9722285424575527,-0.03733835599093315,0.025201432292653005
0.02477150224149227,0.0257472712546587,0.05003213270761649,0.36373010642479464,True,0.9723958507131834,-0.03838158315767994,0.02506121333148169
0.02477150224149227,0.03861735761165619,0.05003213270761649,0.36355137235644613,True,0.9725463769261278,-0.039422561863043964,0.024920569494427603
0.02477150224149227,0.05148744583129883,0.05003213270761649,0.36337250210946875,True,0.9726801212456823,-0.040461277283156745,0.02477950360877045
0.02477150224149227,0.06435753405094147,0.05003213270761649,0.3631935680239148,True,0.9727970840176093,-0.041497714313856425,0.024638018528150073
0.02477150224149227,0.07722761482000351,0.05003213270761649,0.36301463813633444,True,0.9728972657952344,-0.04253185742514859,0.02449611715378941
0.02477150224149227,0.09009770303964615,0.05003213270761649,0.36283577623784385,True,0.9729806675388061,-0.04356369290440369,0.024353802126045942
0.03513307869434357,-0.03860316053032875,0.05003213270761649,0.3647406790730166,True,0.9691086824205679,-0.03299382290725269,0.025267361019176468
0.03513307869434357,-0.02573307417333126,0.05003213270761649,0.36456205489848653,True,0.9693407575708725,-0.03404617110658873,0.025128667828903675
0.03513307869434357,-0.01286298781633377,0.05003213270761649,0.3643829823029382,True,0.9695560596963335,-0.03509633260718178,0.024989541543529482
0.03513307869434357,7.098540663719177e-06,0.05003213270761649,0.36420355400911913,True,0.9697545880474117,-0.03614429234739465,0.024849985069069193
0.03513307869434357,0.012877184897661209,0.05003213270761649,0.36402385592029723,True,0.9699363421115903,-0.03719003528370711,0.024710001296917396
0.03513307869434357,0.0257472712546587,0.05003213270761649,0.36384396791753243,True,0.9701013216135114,-0.03823354639137487,0.02456959310389926
0.03513307869434357,0.03861735761165619,0.05003213270761649,0.36366396454528854,True,0.9702495265150963,-0.03927481066508843,0.02442876335232333
0.03513307869434357,0.05148744583129883,0.05003213270761649,0.3634839155764485,True,0.9703809570334738,-0.04031381326983808,0.024287514869560673
0.03513307869434357,0.06435753405094147,0.05003213270761649,0.36330388660131896,True,0.9704956135828018,-0.04135053909028675,0.024145850509398707
0.03513307869434357,0.07722761482000351,0.05003213270761649,0.36312393949608246,True,0.9705934967856868,-0.042384972585187794,0.02400377317328513
0.03513307869434357,0.09009770303964615,0.05003213270761649,0.36294413241637863,True,0.9706746076675565,-0.04341710003121529,0.023861285501498616
0.04549465700984001,-0.03860316053032875,0.05003213270761649,0.3648562043326354,True,0.9668195601019315,-0.032843774246535444,0.024776226502690252
0.04549465700984001,-0.02573307417333126,0.05003213270761649,0.3646759397496096,True,0.967049280505556,-0.0338963955152089,0.024637331902188656
0.04549465700984001,-0.01286298781633377,0.05003213270761649,0.3644953508717012,True,0.9672622351120587,-0.034946831759948706,0.024498007511509635
0.04549465700984001,7.098540663719177e-06,0.05003213270761649,0.3643145203495327,True,0.9674584232402921,-0.035995067907893905,0.024358256236771535
0.04549465700984001,0.012877184897661209,0.05003213270761649,0.3641335249956559,True,0.9676378444460385,-0.037041088904347326,0.024218080969475916
0.04549465700984001,0.0257472712546587,0.05003213270761649,0.3639524364673604,True,0.9678004985221458,-0.038084879713437936,0.024077484586559034
0.04549465700984001,0.03861735761165619,0.05003213270761649,0.36377132185281724,True,0.9679463854986415,-0.03912642531877794,0.023936469950443708
0.04549465700984001,0.05148744583129883,0.05003213270761649,0.3635902441493637,True,0.9680755056603255,-0.040165710874369744,0.0237950398885943
0.04549465700984001,0.06435753405094147,0.05003213270761649,0.36340926277745234,True,0.9681878594895877,-0.04120272125385536,0.023653197254946412
0.04549465700984001,0.07722761482000351,0.05003213270761649,0.36322843398315163,True,0.968283447678149,-0.04223744090489298,0.023510944951173948
0.04549465700984001,0.09009770303964615,0.05003213270761649,0.36304781077214693,True,0.968362271316453,-0.04326985609360634,0.023368285617480167
